country,year,firearm_num,latitude,longitude
Albania,1992,28,41.153332,20.168331
Albania,1993,29,41.153332,20.168331
Albania,1994,28,41.153332,20.168331
Albania,1995,31,41.153332,20.168331
Albania,1996,36,41.153332,20.168331
Albania,1997,46,41.153332,20.168331
Albania,1998,52,41.153332,20.168331
Albania,1999,49,41.153332,20.168331
Albania,2000,43,41.153332,20.168331
Albania,2001,40,41.153332,20.168331
Albania,2002,40,41.153332,20.168331
Albania,2003,41,41.153332,20.168331
Albania,2004,40,41.153332,20.168331
Albania,2005,38,41.153332,20.168331
Albania,2006,35,41.153332,20.168331
Albania,2007,32,41.153332,20.168331
Albania,2008,31,41.153332,20.168331
Albania,2009,29,41.153332,20.168331
Albania,2010,27,41.153332,20.168331
Antigua and Barbuda,1990,0,17.060816,-61.796428
Antigua and Barbuda,1991,0,17.060816,-61.796428
Antigua and Barbuda,1992,0,17.060816,-61.796428
Antigua and Barbuda,1993,0,17.060816,-61.796428
Antigua and Barbuda,1994,0,17.060816,-61.796428
Antigua and Barbuda,1995,0,17.060816,-61.796428
Antigua and Barbuda,1998,0,17.060816,-61.796428
Antigua and Barbuda,1999,0,17.060816,-61.796428
Antigua and Barbuda,2000,0,17.060816,-61.796428
Antigua and Barbuda,2001,0,17.060816,-61.796428
Antigua and Barbuda,2002,0,17.060816,-61.796428
Antigua and Barbuda,2003,0,17.060816,-61.796428
Antigua and Barbuda,2004,0,17.060816,-61.796428
Antigua and Barbuda,2005,0,17.060816,-61.796428
Antigua and Barbuda,2006,0,17.060816,-61.796428
Antigua and Barbuda,2007,0,17.060816,-61.796428
Antigua and Barbuda,2008,0,17.060816,-61.796428
Antigua and Barbuda,2009,0,17.060816,-61.796428
Antigua and Barbuda,2012,0,17.060816,-61.796428
Antigua and Barbuda,2013,0,17.060816,-61.796428
Antigua and Barbuda,2014,0,17.060816,-61.796428
Antigua and Barbuda,2015,0,17.060816,-61.796428
Argentina,1990,1092,-38.416097,-63.616672
Argentina,1991,1142,-38.416097,-63.616672
Argentina,1992,1236,-38.416097,-63.616672
Argentina,1993,1284,-38.416097,-63.616672
Argentina,1994,1348,-38.416097,-63.616672
Argentina,1995,1413,-38.416097,-63.616672
Argentina,1996,1517,-38.416097,-63.616672
Argentina,1997,1641,-38.416097,-63.616672
Argentina,1998,1729,-38.416097,-63.616672
Argentina,1999,1786,-38.416097,-63.616672
Argentina,2000,1747,-38.416097,-63.616672
Argentina,2001,1779,-38.416097,-63.616672
Argentina,2002,1754,-38.416097,-63.616672
Argentina,2003,1613,-38.416097,-63.616672
Argentina,2004,1451,-38.416097,-63.616672
Argentina,2005,1388,-38.416097,-63.616672
Argentina,2006,1337,-38.416097,-63.616672
Argentina,2007,1355,-38.416097,-63.616672
Argentina,2008,1307,-38.416097,-63.616672
Argentina,2009,1262,-38.416097,-63.616672
Argentina,2010,1203,-38.416097,-63.616672
Argentina,2011,1195,-38.416097,-63.616672
Argentina,2012,1184,-38.416097,-63.616672
Argentina,2013,1185,-38.416097,-63.616672
Argentina,2014,1138,-38.416097,-63.616672
Argentina,2015,1110,-38.416097,-63.616672
Armenia,1990,6,40.069099,45.038189
Armenia,1991,7,40.069099,45.038189
Armenia,1992,10,40.069099,45.038189
Armenia,1993,12,40.069099,45.038189
Armenia,1994,14,40.069099,45.038189
Armenia,1995,11,40.069099,45.038189
Armenia,1996,9,40.069099,45.038189
Armenia,1997,9,40.069099,45.038189
Armenia,1998,8,40.069099,45.038189
Armenia,1999,8,40.069099,45.038189
Armenia,2000,7,40.069099,45.038189
Armenia,2001,8,40.069099,45.038189
Armenia,2002,8,40.069099,45.038189
Armenia,2003,8,40.069099,45.038189
Armenia,2006,14,40.069099,45.038189
Armenia,2007,15,40.069099,45.038189
Armenia,2008,16,40.069099,45.038189
Armenia,2009,17,40.069099,45.038189
Armenia,2010,17,40.069099,45.038189
Armenia,2011,17,40.069099,45.038189
Armenia,2012,17,40.069099,45.038189
Armenia,2013,15,40.069099,45.038189
Armenia,2014,15,40.069099,45.038189
Armenia,2015,16,40.069099,45.038189
Armenia,2016,16,40.069099,45.038189
Australia,1990,498,-25.274398,133.775136
Australia,1991,473,-25.274398,133.775136
Australia,1992,460,-25.274398,133.775136
Australia,1993,432,-25.274398,133.775136
Australia,1994,422,-25.274398,133.775136
Australia,1995,401,-25.274398,133.775136
Australia,1996,379,-25.274398,133.775136
Australia,1997,344,-25.274398,133.775136
Australia,1998,317,-25.274398,133.775136
Australia,1999,289,-25.274398,133.775136
Australia,2000,261,-25.274398,133.775136
Australia,2001,243,-25.274398,133.775136
Australia,2002,225,-25.274398,133.775136
Australia,2003,214,-25.274398,133.775136
Australia,2004,200,-25.274398,133.775136
Australia,2006,188,-25.274398,133.775136
Australia,2007,193,-25.274398,133.775136
Australia,2008,195,-25.274398,133.775136
Australia,2009,189,-25.274398,133.775136
Australia,2010,185,-25.274398,133.775136
Australia,2011,178,-25.274398,133.775136
Australia,2012,176,-25.274398,133.775136
Australia,2013,179,-25.274398,133.775136
Australia,2014,188,-25.274398,133.775136
Australia,2015,195,-25.274398,133.775136
Austria,1990,299,47.516231,14.550072
Austria,1991,317,47.516231,14.550072
Austria,1992,316,47.516231,14.550072
Austria,1993,319,47.516231,14.550072
Austria,1994,321,47.516231,14.550072
Austria,1995,324,47.516231,14.550072
Austria,1996,316,47.516231,14.550072
Austria,1997,299,47.516231,14.550072
Austria,1998,285,47.516231,14.550072
Austria,1999,271,47.516231,14.550072
Austria,2000,267,47.516231,14.550072
Austria,2001,256,47.516231,14.550072
Austria,2002,252,47.516231,14.550072
Austria,2003,240,47.516231,14.550072
Austria,2004,235,47.516231,14.550072
Austria,2005,232,47.516231,14.550072
Austria,2006,223,47.516231,14.550072
Austria,2007,221,47.516231,14.550072
Austria,2008,217,47.516231,14.550072
Austria,2009,230,47.516231,14.550072
Austria,2010,234,47.516231,14.550072
Austria,2011,229,47.516231,14.550072
Austria,2012,231,47.516231,14.550072
Austria,2013,233,47.516231,14.550072
Austria,2014,232,47.516231,14.550072
Austria,2015,240,47.516231,14.550072
Austria,2016,236,47.516231,14.550072
Azerbaijan,1990,7,40.143105,47.576927
Azerbaijan,1991,7,40.143105,47.576927
Azerbaijan,1992,10,40.143105,47.576927
Azerbaijan,1993,11,40.143105,47.576927
Azerbaijan,1994,11,40.143105,47.576927
Azerbaijan,1995,7,40.143105,47.576927
Azerbaijan,1996,6,40.143105,47.576927
Azerbaijan,1997,6,40.143105,47.576927
Azerbaijan,1998,6,40.143105,47.576927
Azerbaijan,1999,6,40.143105,47.576927
Azerbaijan,2000,7,40.143105,47.576927
Azerbaijan,2001,8,40.143105,47.576927
Azerbaijan,2002,8,40.143105,47.576927
Azerbaijan,2003,9,40.143105,47.576927
Azerbaijan,2004,10,40.143105,47.576927
Azerbaijan,2007,11,40.143105,47.576927
Bahamas,1993,1,25.03428,-77.39628
Bahamas,1994,1,25.03428,-77.39628
Bahamas,1995,1,25.03428,-77.39628
Bahamas,1996,1,25.03428,-77.39628
Bahamas,1997,1,25.03428,-77.39628
Bahamas,1998,1,25.03428,-77.39628
Bahamas,1999,1,25.03428,-77.39628
Bahamas,2000,1,25.03428,-77.39628
Bahamas,2001,1,25.03428,-77.39628
Bahamas,2002,1,25.03428,-77.39628
Bahamas,2003,1,25.03428,-77.39628
Bahamas,2004,1,25.03428,-77.39628
Bahamas,2005,1,25.03428,-77.39628
Bahamas,2006,1,25.03428,-77.39628
Bahamas,2007,1,25.03428,-77.39628
Bahamas,2008,1,25.03428,-77.39628
Bahamas,2009,1,25.03428,-77.39628
Bahamas,2010,1,25.03428,-77.39628
Bahamas,2011,1,25.03428,-77.39628
Bahamas,2012,1,25.03428,-77.39628
Bahamas,2013,1,25.03428,-77.39628
Bahrain,1997,1,25.930414,50.637772
Bahrain,1998,1,25.930414,50.637772
Bahrain,1999,1,25.930414,50.637772
Bahrain,2000,1,25.930414,50.637772
Bahrain,2001,1,25.930414,50.637772
Bahrain,2002,1,25.930414,50.637772
Bahrain,2003,1,25.930414,50.637772
Bahrain,2004,1,25.930414,50.637772
Bahrain,2005,1,25.930414,50.637772
Bahrain,2006,1,25.930414,50.637772
Bahrain,2007,1,25.930414,50.637772
Bahrain,2008,1,25.930414,50.637772
Bahrain,2009,1,25.930414,50.637772
Bahrain,2010,1,25.930414,50.637772
Bahrain,2011,1,25.930414,50.637772
Bahrain,2012,1,25.930414,50.637772
Bahrain,2013,1,25.930414,50.637772
Bahrain,2014,1,25.930414,50.637772
Barbados,1990,1,13.193887,-59.543198
Barbados,1991,1,13.193887,-59.543198
Barbados,1992,1,13.193887,-59.543198
Barbados,1993,1,13.193887,-59.543198
Barbados,1994,1,13.193887,-59.543198
Barbados,1995,1,13.193887,-59.543198
Barbados,2000,1,13.193887,-59.543198
Barbados,2001,1,13.193887,-59.543198
Barbados,2002,1,13.193887,-59.543198
Barbados,2003,1,13.193887,-59.543198
Barbados,2004,1,13.193887,-59.543198
Barbados,2005,1,13.193887,-59.543198
Barbados,2006,1,13.193887,-59.543198
Barbados,2007,1,13.193887,-59.543198
Barbados,2008,1,13.193887,-59.543198
Barbados,2009,1,13.193887,-59.543198
Barbados,2010,1,13.193887,-59.543198
Barbados,2011,1,13.193887,-59.543198
Barbados,2012,1,13.193887,-59.543198
Barbados,2013,1,13.193887,-59.543198
Belarus,1990,57,53.709807,27.953389
Belarus,1991,66,53.709807,27.953389
Belarus,1992,77,53.709807,27.953389
Belarus,1993,101,53.709807,27.953389
Belarus,1994,112,53.709807,27.953389
Belarus,1995,130,53.709807,27.953389
Belarus,1996,135,53.709807,27.953389
Belarus,1997,146,53.709807,27.953389
Belarus,1998,162,53.709807,27.953389
Belarus,1999,175,53.709807,27.953389
Belarus,2000,159,53.709807,27.953389
Belarus,2001,173,53.709807,27.953389
Belarus,2002,185,53.709807,27.953389
Belarus,2003,175,53.709807,27.953389
Belarus,2007,126,53.709807,27.953389
Belarus,2008,123,53.709807,27.953389
Belarus,2009,115,53.709807,27.953389
Belarus,2010,113,53.709807,27.953389
Belarus,2011,111,53.709807,27.953389
Belarus,2013,71,53.709807,27.953389
Belarus,2014,65,53.709807,27.953389
Belgium,1990,306,50.503887,4.469936
Belgium,1991,307,50.503887,4.469936
Belgium,1992,314,50.503887,4.469936
Belgium,1993,324,50.503887,4.469936
Belgium,1994,327,50.503887,4.469936
Belgium,1995,327,50.503887,4.469936
Belgium,1996,321,50.503887,4.469936
Belgium,1997,324,50.503887,4.469936
Belgium,1998,319,50.503887,4.469936
Belgium,1999,323,50.503887,4.469936
Belgium,2000,329,50.503887,4.469936
Belgium,2001,324,50.503887,4.469936
Belgium,2002,314,50.503887,4.469936
Belgium,2003,299,50.503887,4.469936
Belgium,2004,277,50.503887,4.469936
Belgium,2005,270,50.503887,4.469936
Belgium,2006,251,50.503887,4.469936
Belgium,2007,244,50.503887,4.469936
Belgium,2008,251,50.503887,4.469936
Belgium,2009,237,50.503887,4.469936
Belgium,2010,224,50.503887,4.469936
Belgium,2011,218,50.503887,4.469936
Belgium,2012,212,50.503887,4.469936
Belgium,2013,194,50.503887,4.469936
Belgium,2014,184,50.503887,4.469936
Belgium,2015,182,50.503887,4.469936
Belize,1990,1,17.189877,-88.49765
Belize,1991,1,17.189877,-88.49765
Belize,1993,1,17.189877,-88.49765
Belize,1994,1,17.189877,-88.49765
Belize,1995,1,17.189877,-88.49765
Belize,1996,1,17.189877,-88.49765
Belize,1997,2,17.189877,-88.49765
Belize,1998,2,17.189877,-88.49765
Belize,1999,2,17.189877,-88.49765
Belize,2000,2,17.189877,-88.49765
Belize,2001,2,17.189877,-88.49765
Belize,2002,2,17.189877,-88.49765
Belize,2003,2,17.189877,-88.49765
Belize,2004,2,17.189877,-88.49765
Belize,2005,2,17.189877,-88.49765
Belize,2006,2,17.189877,-88.49765
Belize,2007,2,17.189877,-88.49765
Belize,2008,2,17.189877,-88.49765
Belize,2009,2,17.189877,-88.49765
Belize,2010,2,17.189877,-88.49765
Belize,2011,2,17.189877,-88.49765
Belize,2012,2,17.189877,-88.49765
Belize,2013,2,17.189877,-88.49765
Belize,2014,2,17.189877,-88.49765
Belize,2015,2,17.189877,-88.49765
Bosnia and Herzegovina,2011,28,43.915886,17.679076
Bosnia and Herzegovina,2014,33,43.915886,17.679076
Brazil,1990,2213,-14.235004,-51.92528
Brazil,1991,2162,-14.235004,-51.92528
Brazil,1992,2150,-14.235004,-51.92528
Brazil,1993,2192,-14.235004,-51.92528
Brazil,1994,2176,-14.235004,-51.92528
Brazil,1995,2123,-14.235004,-51.92528
Brazil,1996,2150,-14.235004,-51.92528
Brazil,1997,2186,-14.235004,-51.92528
Brazil,1998,2268,-14.235004,-51.92528
Brazil,1999,2259,-14.235004,-51.92528
Brazil,2000,2201,-14.235004,-51.92528
Brazil,2001,2122,-14.235004,-51.92528
Brazil,2002,2043,-14.235004,-51.92528
Brazil,2003,1965,-14.235004,-51.92528
Brazil,2004,1899,-14.235004,-51.92528
Brazil,2005,1785,-14.235004,-51.92528
Brazil,2006,1709,-14.235004,-51.92528
Brazil,2007,1636,-14.235004,-51.92528
Brazil,2008,1556,-14.235004,-51.92528
Brazil,2009,1490,-14.235004,-51.92528
Brazil,2010,1414,-14.235004,-51.92528
Brazil,2011,1382,-14.235004,-51.92528
Brazil,2012,1358,-14.235004,-51.92528
Brazil,2013,1331,-14.235004,-51.92528
Brazil,2014,1297,-14.235004,-51.92528
Brazil,2015,1285,-14.235004,-51.92528
Bulgaria,1990,60,42.733883,25.48583
Bulgaria,1991,63,42.733883,25.48583
Bulgaria,1992,75,42.733883,25.48583
Bulgaria,1993,85,42.733883,25.48583
Bulgaria,1994,95,42.733883,25.48583
Bulgaria,1995,96,42.733883,25.48583
Bulgaria,1996,97,42.733883,25.48583
Bulgaria,1997,104,42.733883,25.48583
Bulgaria,1998,104,42.733883,25.48583
Bulgaria,1999,92,42.733883,25.48583
Bulgaria,2000,96,42.733883,25.48583
Bulgaria,2001,94,42.733883,25.48583
Bulgaria,2002,91,42.733883,25.48583
Bulgaria,2003,90,42.733883,25.48583
Bulgaria,2004,88,42.733883,25.48583
Bulgaria,2005,89,42.733883,25.48583
Bulgaria,2006,92,42.733883,25.48583
Bulgaria,2007,89,42.733883,25.48583
Bulgaria,2008,89,42.733883,25.48583
Bulgaria,2009,88,42.733883,25.48583
Bulgaria,2010,82,42.733883,25.48583
Bulgaria,2011,80,42.733883,25.48583
Bulgaria,2012,77,42.733883,25.48583
Bulgaria,2013,75,42.733883,25.48583
Bulgaria,2014,74,42.733883,25.48583
Canada,1990,1168,56.130366,-106.346771
Canada,1991,1153,56.130366,-106.346771
Canada,1992,1133,56.130366,-106.346771
Canada,1993,1132,56.130366,-106.346771
Canada,1994,1079,56.130366,-106.346771
Canada,1995,1038,56.130366,-106.346771
Canada,1996,991,56.130366,-106.346771
Canada,1997,957,56.130366,-106.346771
Canada,1998,915,56.130366,-106.346771
Canada,1999,883,56.130366,-106.346771
Canada,2000,821,56.130366,-106.346771
Canada,2001,784,56.130366,-106.346771
Canada,2002,746,56.130366,-106.346771
Canada,2003,725,56.130366,-106.346771
Canada,2004,684,56.130366,-106.346771
Canada,2005,673,56.130366,-106.346771
Canada,2006,648,56.130366,-106.346771
Canada,2007,644,56.130366,-106.346771
Canada,2008,633,56.130366,-106.346771
Canada,2009,630,56.130366,-106.346771
Canada,2010,629,56.130366,-106.346771
Canada,2011,607,56.130366,-106.346771
Canada,2012,632,56.130366,-106.346771
Canada,2013,640,56.130366,-106.346771
Chile,1990,305,-35.675147,-71.542969
Chile,1991,277,-35.675147,-71.542969
Chile,1992,261,-35.675147,-71.542969
Chile,1993,269,-35.675147,-71.542969
Chile,1994,272,-35.675147,-71.542969
Chile,1995,278,-35.675147,-71.542969
Chile,1996,278,-35.675147,-71.542969
Chile,1997,265,-35.675147,-71.542969
Chile,1998,256,-35.675147,-71.542969
Chile,1999,240,-35.675147,-71.542969
Chile,2000,218,-35.675147,-71.542969
Chile,2001,216,-35.675147,-71.542969
Chile,2002,196,-35.675147,-71.542969
Chile,2003,190,-35.675147,-71.542969
Chile,2004,178,-35.675147,-71.542969
Chile,2005,166,-35.675147,-71.542969
Chile,2006,153,-35.675147,-71.542969
Chile,2007,149,-35.675147,-71.542969
Chile,2008,146,-35.675147,-71.542969
Chile,2009,149,-35.675147,-71.542969
Chile,2010,142,-35.675147,-71.542969
Chile,2011,130,-35.675147,-71.542969
Chile,2012,124,-35.675147,-71.542969
Chile,2013,124,-35.675147,-71.542969
Chile,2014,122,-35.675147,-71.542969
Chile,2015,119,-35.675147,-71.542969
Colombia,1990,551,4.570868,-74.297333
Colombia,1991,598,4.570868,-74.297333
Colombia,1992,590,4.570868,-74.297333
Colombia,1993,589,4.570868,-74.297333
Colombia,1994,628,4.570868,-74.297333
Colombia,1995,674,4.570868,-74.297333
Colombia,1996,733,4.570868,-74.297333
Colombia,1997,712,4.570868,-74.297333
Colombia,1998,690,4.570868,-74.297333
Colombia,1999,723,4.570868,-74.297333
Colombia,2000,729,4.570868,-74.297333
Colombia,2001,711,4.570868,-74.297333
Colombia,2002,857,4.570868,-74.297333
Colombia,2003,759,4.570868,-74.297333
Colombia,2004,753,4.570868,-74.297333
Colombia,2005,684,4.570868,-74.297333
Colombia,2006,692,4.570868,-74.297333
Colombia,2007,641,4.570868,-74.297333
Colombia,2008,633,4.570868,-74.297333
Colombia,2009,663,4.570868,-74.297333
Colombia,2010,620,4.570868,-74.297333
Colombia,2011,545,4.570868,-74.297333
Colombia,2012,522,4.570868,-74.297333
Colombia,2013,496,4.570868,-74.297333
Colombia,2014,462,4.570868,-74.297333
Colombia,2015,459,4.570868,-74.297333
Costa Rica,1990,35,9.748917,-83.753428
Costa Rica,1991,35,9.748917,-83.753428
Costa Rica,1992,40,9.748917,-83.753428
Costa Rica,1993,40,9.748917,-83.753428
Costa Rica,1994,45,9.748917,-83.753428
Costa Rica,1995,51,9.748917,-83.753428
Costa Rica,1996,49,9.748917,-83.753428
Costa Rica,1997,54,9.748917,-83.753428
Costa Rica,1998,56,9.748917,-83.753428
Costa Rica,1999,60,9.748917,-83.753428
Costa Rica,2000,58,9.748917,-83.753428
Costa Rica,2001,58,9.748917,-83.753428
Costa Rica,2002,58,9.748917,-83.753428
Costa Rica,2003,61,9.748917,-83.753428
Costa Rica,2004,63,9.748917,-83.753428
Costa Rica,2005,53,9.748917,-83.753428
Costa Rica,2006,59,9.748917,-83.753428
Costa Rica,2007,48,9.748917,-83.753428
Costa Rica,2008,50,9.748917,-83.753428
Costa Rica,2009,48,9.748917,-83.753428
Costa Rica,2010,56,9.748917,-83.753428
Costa Rica,2011,51,9.748917,-83.753428
Costa Rica,2012,51,9.748917,-83.753428
Costa Rica,2013,50,9.748917,-83.753428
Costa Rica,2014,49,9.748917,-83.753428
Croatia,1995,235,45.1,15.2
Croatia,1996,233,45.1,15.2
Croatia,1997,224,45.1,15.2
Croatia,1998,203,45.1,15.2
Croatia,1999,189,45.1,15.2
Croatia,2000,173,45.1,15.2
Croatia,2001,163,45.1,15.2
Croatia,2002,159,45.1,15.2
Croatia,2003,152,45.1,15.2
Croatia,2004,135,45.1,15.2
Croatia,2005,136,45.1,15.2
Croatia,2006,123,45.1,15.2
Croatia,2007,123,45.1,15.2
Croatia,2008,126,45.1,15.2
Croatia,2009,114,45.1,15.2
Croatia,2010,102,45.1,15.2
Croatia,2011,99,45.1,15.2
Croatia,2012,100,45.1,15.2
Croatia,2013,91,45.1,15.2
Croatia,2014,89,45.1,15.2
Croatia,2015,91,45.1,15.2
Croatia,2016,86,45.1,15.2
Cuba,1992,79,21.521757,-77.781167
Cuba,1993,79,21.521757,-77.781167
Cuba,1994,81,21.521757,-77.781167
Cuba,1995,77,21.521757,-77.781167
Cuba,1996,71,21.521757,-77.781167
Cuba,1997,68,21.521757,-77.781167
Cuba,1998,65,21.521757,-77.781167
Cuba,1999,62,21.521757,-77.781167
Cuba,2000,52,21.521757,-77.781167
Cuba,2001,50,21.521757,-77.781167
Cuba,2002,43,21.521757,-77.781167
Cuba,2003,41,21.521757,-77.781167
Cuba,2004,39,21.521757,-77.781167
Cuba,2005,39,21.521757,-77.781167
Cuba,2006,35,21.521757,-77.781167
Cuba,2007,33,21.521757,-77.781167
Cuba,2008,33,21.521757,-77.781167
Cuba,2009,33,21.521757,-77.781167
Cuba,2010,32,21.521757,-77.781167
Cuba,2011,29,21.521757,-77.781167
Cuba,2012,30,21.521757,-77.781167
Cuba,2013,28,21.521757,-77.781167
Cuba,2014,27,21.521757,-77.781167
Cuba,2015,27,21.521757,-77.781167
Cyprus,1999,8,35.126413,33.429859
Cyprus,2000,8,35.126413,33.429859
Cyprus,2004,8,35.126413,33.429859
Cyprus,2005,8,35.126413,33.429859
Cyprus,2006,8,35.126413,33.429859
Cyprus,2007,9,35.126413,33.429859
Cyprus,2008,9,35.126413,33.429859
Cyprus,2009,9,35.126413,33.429859
Cyprus,2010,9,35.126413,33.429859
Cyprus,2011,9,35.126413,33.429859
Cyprus,2012,9,35.126413,33.429859
Cyprus,2013,10,35.126413,33.429859
Cyprus,2014,10,35.126413,33.429859
Cyprus,2015,10,35.126413,33.429859
Cyprus,2016,10,35.126413,33.429859
Denmark,1994,137,56.26392,9.501785
Denmark,1995,124,56.26392,9.501785
Denmark,1996,120,56.26392,9.501785
Denmark,1997,112,56.26392,9.501785
Denmark,1998,100,56.26392,9.501785
Denmark,1999,101,56.26392,9.501785
Denmark,2000,88,56.26392,9.501785
Denmark,2001,84,56.26392,9.501785
Denmark,2002,86,56.26392,9.501785
Denmark,2003,83,56.26392,9.501785
Denmark,2004,83,56.26392,9.501785
Denmark,2005,76,56.26392,9.501785
Denmark,2006,76,56.26392,9.501785
Denmark,2007,73,56.26392,9.501785
Denmark,2008,70,56.26392,9.501785
Denmark,2009,71,56.26392,9.501785
Denmark,2010,69,56.26392,9.501785
Denmark,2011,63,56.26392,9.501785
Denmark,2012,59,56.26392,9.501785
Denmark,2013,57,56.26392,9.501785
Denmark,2014,57,56.26392,9.501785
Denmark,2015,52,56.26392,9.501785
Ecuador,1990,67,-1.831239,-78.183406
Ecuador,1991,77,-1.831239,-78.183406
Ecuador,1992,80,-1.831239,-78.183406
Ecuador,1993,83,-1.831239,-78.183406
Ecuador,1994,88,-1.831239,-78.183406
Ecuador,1995,94,-1.831239,-78.183406
Ecuador,1996,105,-1.831239,-78.183406
Ecuador,1997,105,-1.831239,-78.183406
Ecuador,1998,116,-1.831239,-78.183406
Ecuador,1999,119,-1.831239,-78.183406
Ecuador,2000,119,-1.831239,-78.183406
Ecuador,2001,119,-1.831239,-78.183406
Ecuador,2002,123,-1.831239,-78.183406
Ecuador,2003,117,-1.831239,-78.183406
Ecuador,2004,114,-1.831239,-78.183406
Ecuador,2005,115,-1.831239,-78.183406
Ecuador,2006,109,-1.831239,-78.183406
Ecuador,2007,108,-1.831239,-78.183406
Ecuador,2008,108,-1.831239,-78.183406
Ecuador,2009,106,-1.831239,-78.183406
Ecuador,2010,103,-1.831239,-78.183406
Ecuador,2011,98,-1.831239,-78.183406
Ecuador,2012,92,-1.831239,-78.183406
Ecuador,2013,87,-1.831239,-78.183406
Ecuador,2014,84,-1.831239,-78.183406
Ecuador,2015,83,-1.831239,-78.183406
El Salvador,1990,20,13.794185,-88.89653
El Salvador,1991,19,13.794185,-88.89653
El Salvador,1992,18,13.794185,-88.89653
El Salvador,1993,18,13.794185,-88.89653
El Salvador,1995,18,13.794185,-88.89653
El Salvador,1996,16,13.794185,-88.89653
El Salvador,1997,16,13.794185,-88.89653
El Salvador,1998,17,13.794185,-88.89653
El Salvador,1999,14,13.794185,-88.89653
El Salvador,2000,14,13.794185,-88.89653
El Salvador,2001,13,13.794185,-88.89653
El Salvador,2002,11,13.794185,-88.89653
El Salvador,2003,11,13.794185,-88.89653
El Salvador,2004,12,13.794185,-88.89653
El Salvador,2005,11,13.794185,-88.89653
El Salvador,2006,11,13.794185,-88.89653
El Salvador,2007,10,13.794185,-88.89653
El Salvador,2008,8,13.794185,-88.89653
El Salvador,2009,9,13.794185,-88.89653
El Salvador,2010,8,13.794185,-88.89653
El Salvador,2011,8,13.794185,-88.89653
El Salvador,2012,7,13.794185,-88.89653
El Salvador,2013,8,13.794185,-88.89653
El Salvador,2014,10,13.794185,-88.89653
Estonia,1995,58,58.595272,25.013607
Estonia,1996,43,58.595272,25.013607
Estonia,1997,40,58.595272,25.013607
Estonia,1998,41,58.595272,25.013607
Estonia,1999,35,58.595272,25.013607
Estonia,2000,32,58.595272,25.013607
Estonia,2001,34,58.595272,25.013607
Estonia,2002,32,58.595272,25.013607
Estonia,2003,28,58.595272,25.013607
Estonia,2004,28,58.595272,25.013607
Estonia,2005,26,58.595272,25.013607
Estonia,2006,25,58.595272,25.013607
Estonia,2007,27,58.595272,25.013607
Estonia,2008,23,58.595272,25.013607
Estonia,2009,21,58.595272,25.013607
Estonia,2010,19,58.595272,25.013607
Estonia,2011,19,58.595272,25.013607
Estonia,2012,19,58.595272,25.013607
Estonia,2013,15,58.595272,25.013607
Estonia,2014,15,58.595272,25.013607
Estonia,2015,13,58.595272,25.013607
Fiji,2001,0,-16.578193,179.414413
Fiji,2002,0,-16.578193,179.414413
Fiji,2003,0,-16.578193,179.414413
Fiji,2004,0,-16.578193,179.414413
Fiji,2005,0,-16.578193,179.414413
Fiji,2006,0,-16.578193,179.414413
Fiji,2007,0,-16.578193,179.414413
Fiji,2008,0,-16.578193,179.414413
Fiji,2009,0,-16.578193,179.414413
Fiji,2011,0,-16.578193,179.414413
Fiji,2012,0,-16.578193,179.414413
Finland,1990,459,61.92411,25.748151
Finland,1991,444,61.92411,25.748151
Finland,1992,414,61.92411,25.748151
Finland,1993,385,61.92411,25.748151
Finland,1994,359,61.92411,25.748151
Finland,1995,354,61.92411,25.748151
Finland,1996,333,61.92411,25.748151
Finland,1997,319,61.92411,25.748151
Finland,1998,298,61.92411,25.748151
Finland,1999,286,61.92411,25.748151
Finland,2000,267,61.92411,25.748151
Finland,2001,254,61.92411,25.748151
Finland,2002,232,61.92411,25.748151
Finland,2003,224,61.92411,25.748151
Finland,2004,214,61.92411,25.748151
Finland,2005,202,61.92411,25.748151
Finland,2006,200,61.92411,25.748151
Finland,2007,203,61.92411,25.748151
Finland,2008,201,61.92411,25.748151
Finland,2009,195,61.92411,25.748151
Finland,2010,189,61.92411,25.748151
Finland,2011,175,61.92411,25.748151
Finland,2012,159,61.92411,25.748151
Finland,2013,151,61.92411,25.748151
Finland,2014,136,61.92411,25.748151
Finland,2015,126,61.92411,25.748151
France,1990,3487,46.227638,2.213749
France,1991,3455,46.227638,2.213749
France,1992,3431,46.227638,2.213749
France,1993,3468,46.227638,2.213749
France,1994,3398,46.227638,2.213749
France,1995,3312,46.227638,2.213749
France,1996,3182,46.227638,2.213749
France,1997,3066,46.227638,2.213749
France,1998,3009,46.227638,2.213749
France,1999,2848,46.227638,2.213749
France,2000,2736,46.227638,2.213749
France,2001,2642,46.227638,2.213749
France,2002,2523,46.227638,2.213749
France,2003,2427,46.227638,2.213749
France,2004,2199,46.227638,2.213749
France,2005,2163,46.227638,2.213749
France,2006,2089,46.227638,2.213749
France,2007,2065,46.227638,2.213749
France,2008,2097,46.227638,2.213749
France,2009,2142,46.227638,2.213749
France,2010,2113,46.227638,2.213749
France,2011,2053,46.227638,2.213749
France,2012,1985,46.227638,2.213749
France,2013,1907,46.227638,2.213749
France,2014,1801,46.227638,2.213749
Georgia,1990,23,42.315407,43.356892
Georgia,1991,24,42.315407,43.356892
Georgia,1992,28,42.315407,43.356892
Georgia,1994,27,42.315407,43.356892
Georgia,1995,25,42.315407,43.356892
Georgia,1996,22,42.315407,43.356892
Georgia,1997,23,42.315407,43.356892
Georgia,1998,24,42.315407,43.356892
Georgia,1999,25,42.315407,43.356892
Georgia,2000,22,42.315407,43.356892
Georgia,2001,23,42.315407,43.356892
Georgia,2004,24,42.315407,43.356892
Georgia,2005,24,42.315407,43.356892
Georgia,2006,22,42.315407,43.356892
Georgia,2007,23,42.315407,43.356892
Georgia,2009,27,42.315407,43.356892
Georgia,2010,27,42.315407,43.356892
Georgia,2011,26,42.315407,43.356892
Georgia,2012,25,42.315407,43.356892
Georgia,2013,26,42.315407,43.356892
Georgia,2014,26,42.315407,43.356892
Georgia,2015,27,42.315407,43.356892
Germany,1990,1339,51.165691,10.451526
Germany,1991,1343,51.165691,10.451526
Germany,1992,1291,51.165691,10.451526
Germany,1993,1252,51.165691,10.451526
Germany,1994,1225,51.165691,10.451526
Germany,1995,1192,51.165691,10.451526
Germany,1996,1163,51.165691,10.451526
Germany,1997,1128,51.165691,10.451526
Germany,1998,1088,51.165691,10.451526
Germany,1999,1072,51.165691,10.451526
Germany,2000,1052,51.165691,10.451526
Germany,2001,1030,51.165691,10.451526
Germany,2002,1030,51.165691,10.451526
Germany,2003,1058,51.165691,10.451526
Germany,2004,1016,51.165691,10.451526
Germany,2005,986,51.165691,10.451526
Germany,2006,951,51.165691,10.451526
Germany,2007,935,51.165691,10.451526
Germany,2008,928,51.165691,10.451526
Germany,2009,929,51.165691,10.451526
Germany,2010,924,51.165691,10.451526
Germany,2011,902,51.165691,10.451526
Germany,2012,885,51.165691,10.451526
Germany,2013,903,51.165691,10.451526
Germany,2014,875,51.165691,10.451526
Germany,2015,912,51.165691,10.451526
Greece,1990,82,39.074208,21.824312
Greece,1991,85,39.074208,21.824312
Greece,1992,85,39.074208,21.824312
Greece,1993,86,39.074208,21.824312
Greece,1994,88,39.074208,21.824312
Greece,1995,93,39.074208,21.824312
Greece,1996,92,39.074208,21.824312
Greece,1997,88,39.074208,21.824312
Greece,1998,88,39.074208,21.824312
Greece,1999,91,39.074208,21.824312
Greece,2000,90,39.074208,21.824312
Greece,2001,83,39.074208,21.824312
Greece,2002,84,39.074208,21.824312
Greece,2003,88,39.074208,21.824312
Greece,2004,91,39.074208,21.824312
Greece,2005,94,39.074208,21.824312
Greece,2006,93,39.074208,21.824312
Greece,2007,98,39.074208,21.824312
Greece,2008,99,39.074208,21.824312
Greece,2009,102,39.074208,21.824312
Greece,2010,101,39.074208,21.824312
Greece,2011,104,39.074208,21.824312
Greece,2012,106,39.074208,21.824312
Greece,2013,100,39.074208,21.824312
Greece,2014,100,39.074208,21.824312
Greece,2015,102,39.074208,21.824312
Grenada,1990,0,12.262776,-61.604171
Grenada,1991,0,12.262776,-61.604171
Grenada,1992,0,12.262776,-61.604171
Grenada,1993,0,12.262776,-61.604171
Grenada,1994,0,12.262776,-61.604171
Grenada,1995,0,12.262776,-61.604171
Grenada,1996,0,12.262776,-61.604171
Grenada,2001,0,12.262776,-61.604171
Grenada,2002,0,12.262776,-61.604171
Grenada,2003,0,12.262776,-61.604171
Grenada,2004,0,12.262776,-61.604171
Grenada,2005,0,12.262776,-61.604171
Grenada,2006,0,12.262776,-61.604171
Grenada,2007,0,12.262776,-61.604171
Grenada,2008,0,12.262776,-61.604171
Grenada,2009,0,12.262776,-61.604171
Grenada,2010,0,12.262776,-61.604171
Grenada,2011,0,12.262776,-61.604171
Grenada,2012,0,12.262776,-61.604171
Grenada,2013,0,12.262776,-61.604171
Grenada,2014,0,12.262776,-61.604171
Grenada,2015,0,12.262776,-61.604171
Grenada,2016,0,12.262776,-61.604171
Guatemala,1990,82,15.783471,-90.230759
Guatemala,1991,94,15.783471,-90.230759
Guatemala,1992,104,15.783471,-90.230759
Guatemala,1993,114,15.783471,-90.230759
Guatemala,1994,121,15.783471,-90.230759
Guatemala,1995,113,15.783471,-90.230759
Guatemala,1996,109,15.783471,-90.230759
Guatemala,1997,119,15.783471,-90.230759
Guatemala,1998,130,15.783471,-90.230759
Guatemala,1999,140,15.783471,-90.230759
Guatemala,2000,171,15.783471,-90.230759
Guatemala,2001,194,15.783471,-90.230759
Guatemala,2002,194,15.783471,-90.230759
Guatemala,2003,199,15.783471,-90.230759
Guatemala,2004,208,15.783471,-90.230759
Guatemala,2005,203,15.783471,-90.230759
Guatemala,2006,200,15.783471,-90.230759
Guatemala,2007,175,15.783471,-90.230759
Guatemala,2008,149,15.783471,-90.230759
Guatemala,2009,121,15.783471,-90.230759
Guatemala,2010,107,15.783471,-90.230759
Guatemala,2011,86,15.783471,-90.230759
Guatemala,2012,75,15.783471,-90.230759
Guatemala,2013,66,15.783471,-90.230759
Guatemala,2014,60,15.783471,-90.230759
Guatemala,2015,59,15.783471,-90.230759
Guyana,1990,3,4.860416,-58.93018
Guyana,1991,3,4.860416,-58.93018
Guyana,1992,3,4.860416,-58.93018
Guyana,1993,3,4.860416,-58.93018
Guyana,1994,3,4.860416,-58.93018
Guyana,1995,3,4.860416,-58.93018
Guyana,1996,3,4.860416,-58.93018
Guyana,1997,4,4.860416,-58.93018
Guyana,1998,4,4.860416,-58.93018
Guyana,1999,4,4.860416,-58.93018
Guyana,2001,4,4.860416,-58.93018
Guyana,2002,4,4.860416,-58.93018
Guyana,2003,4,4.860416,-58.93018
Guyana,2004,4,4.860416,-58.93018
Guyana,2005,4,4.860416,-58.93018
Guyana,2006,4,4.860416,-58.93018
Guyana,2007,4,4.860416,-58.93018
Guyana,2008,3,4.860416,-58.93018
Guyana,2009,3,4.860416,-58.93018
Guyana,2010,4,4.860416,-58.93018
Guyana,2011,4,4.860416,-58.93018
Guyana,2012,4,4.860416,-58.93018
Guyana,2013,4,4.860416,-58.93018
Hungary,1991,80,47.162494,19.503304
Hungary,1992,90,47.162494,19.503304
Hungary,1993,95,47.162494,19.503304
Hungary,1994,98,47.162494,19.503304
Hungary,1995,97,47.162494,19.503304
Hungary,1996,91,47.162494,19.503304
Hungary,1997,91,47.162494,19.503304
Hungary,1998,99,47.162494,19.503304
Hungary,1999,100,47.162494,19.503304
Hungary,2000,90,47.162494,19.503304
Hungary,2001,88,47.162494,19.503304
Hungary,2002,87,47.162494,19.503304
Hungary,2003,86,47.162494,19.503304
Hungary,2004,84,47.162494,19.503304
Hungary,2005,85,47.162494,19.503304
Hungary,2006,79,47.162494,19.503304
Hungary,2007,78,47.162494,19.503304
Hungary,2008,74,47.162494,19.503304
Hungary,2009,74,47.162494,19.503304
Hungary,2010,71,47.162494,19.503304
Hungary,2011,67,47.162494,19.503304
Hungary,2012,65,47.162494,19.503304
Hungary,2013,57,47.162494,19.503304
Hungary,2014,58,47.162494,19.503304
Hungary,2015,58,47.162494,19.503304
Hungary,2016,55,47.162494,19.503304
Iceland,1990,6,64.963051,-19.020835
Iceland,1991,6,64.963051,-19.020835
Iceland,1992,6,64.963051,-19.020835
Iceland,1993,6,64.963051,-19.020835
Iceland,1994,6,64.963051,-19.020835
Iceland,1995,6,64.963051,-19.020835
Iceland,1996,6,64.963051,-19.020835
Iceland,1997,5,64.963051,-19.020835
Iceland,1998,5,64.963051,-19.020835
Iceland,1999,5,64.963051,-19.020835
Iceland,2000,5,64.963051,-19.020835
Iceland,2001,5,64.963051,-19.020835
Iceland,2002,5,64.963051,-19.020835
Iceland,2003,5,64.963051,-19.020835
Iceland,2004,4,64.963051,-19.020835
Iceland,2005,4,64.963051,-19.020835
Iceland,2006,5,64.963051,-19.020835
Iceland,2007,5,64.963051,-19.020835
Iceland,2008,5,64.963051,-19.020835
Iceland,2009,5,64.963051,-19.020835
Iceland,2010,4,64.963051,-19.020835
Iceland,2011,4,64.963051,-19.020835
Iceland,2012,4,64.963051,-19.020835
Iceland,2013,4,64.963051,-19.020835
Iceland,2014,4,64.963051,-19.020835
Iceland,2015,4,64.963051,-19.020835
Iceland,2016,4,64.963051,-19.020835
Ireland,1990,34,53.41291,-8.24389
Ireland,1991,38,53.41291,-8.24389
Ireland,1992,40,53.41291,-8.24389
Ireland,1993,40,53.41291,-8.24389
Ireland,1994,40,53.41291,-8.24389
Ireland,1995,42,53.41291,-8.24389
Ireland,1996,45,53.41291,-8.24389
Ireland,1997,46,53.41291,-8.24389
Ireland,1998,46,53.41291,-8.24389
Ireland,1999,42,53.41291,-8.24389
Ireland,2000,42,53.41291,-8.24389
Ireland,2001,41,53.41291,-8.24389
Ireland,2002,39,53.41291,-8.24389
Ireland,2003,33,53.41291,-8.24389
Ireland,2004,34,53.41291,-8.24389
Ireland,2005,32,53.41291,-8.24389
Ireland,2006,31,53.41291,-8.24389
Ireland,2007,30,53.41291,-8.24389
Ireland,2008,30,53.41291,-8.24389
Ireland,2009,33,53.41291,-8.24389
Ireland,2010,28,53.41291,-8.24389
Ireland,2011,28,53.41291,-8.24389
Ireland,2012,26,53.41291,-8.24389
Ireland,2013,24,53.41291,-8.24389
Ireland,2014,23,53.41291,-8.24389
Israel,1990,85,31.046051,34.851612
Israel,1991,96,31.046051,34.851612
Israel,1992,106,31.046051,34.851612
Israel,1993,107,31.046051,34.851612
Israel,1994,116,31.046051,34.851612
Israel,1995,129,31.046051,34.851612
Israel,1996,137,31.046051,34.851612
Israel,1997,150,31.046051,34.851612
Israel,1998,148,31.046051,34.851612
Israel,1999,145,31.046051,34.851612
Israel,2000,157,31.046051,34.851612
Israel,2001,163,31.046051,34.851612
Israel,2002,162,31.046051,34.851612
Israel,2003,156,31.046051,34.851612
Israel,2004,143,31.046051,34.851612
Israel,2005,142,31.046051,34.851612
Israel,2006,130,31.046051,34.851612
Israel,2007,126,31.046051,34.851612
Israel,2008,124,31.046051,34.851612
Israel,2009,117,31.046051,34.851612
Israel,2010,114,31.046051,34.851612
Israel,2011,107,31.046051,34.851612
Israel,2012,100,31.046051,34.851612
Israel,2013,96,31.046051,34.851612
Israel,2014,92,31.046051,34.851612
Israel,2015,96,31.046051,34.851612
Italy,1990,738,41.87194,12.56738
Italy,1991,752,41.87194,12.56738
Italy,1992,734,41.87194,12.56738
Italy,1993,708,41.87194,12.56738
Italy,1994,706,41.87194,12.56738
Italy,1995,702,41.87194,12.56738
Italy,1996,696,41.87194,12.56738
Italy,1997,717,41.87194,12.56738
Italy,1998,740,41.87194,12.56738
Italy,1999,731,41.87194,12.56738
Italy,2000,709,41.87194,12.56738
Italy,2001,684,41.87194,12.56738
Italy,2002,662,41.87194,12.56738
Italy,2003,641,41.87194,12.56738
Italy,2004,595,41.87194,12.56738
Italy,2005,582,41.87194,12.56738
Italy,2006,571,41.87194,12.56738
Italy,2007,568,41.87194,12.56738
Italy,2008,571,41.87194,12.56738
Italy,2009,570,41.87194,12.56738
Italy,2010,565,41.87194,12.56738
Italy,2011,569,41.87194,12.56738
Italy,2012,561,41.87194,12.56738
Italy,2013,541,41.87194,12.56738
Italy,2014,519,41.87194,12.56738
Italy,2015,526,41.87194,12.56738
Jamaica,1990,1,18.109581,-77.297508
Jamaica,1991,1,18.109581,-77.297508
Jamaica,2000,2,18.109581,-77.297508
Jamaica,2001,2,18.109581,-77.297508
Jamaica,2002,2,18.109581,-77.297508
Jamaica,2003,2,18.109581,-77.297508
Jamaica,2004,2,18.109581,-77.297508
Jamaica,2005,3,18.109581,-77.297508
Jamaica,2006,3,18.109581,-77.297508
Jamaica,2009,12,18.109581,-77.297508
Jamaica,2010,11,18.109581,-77.297508
Jamaica,2011,16,18.109581,-77.297508
Japan,1990,141,36.204824,138.252924
Japan,1991,136,36.204824,138.252924
Japan,1992,133,36.204824,138.252924
Japan,1993,128,36.204824,138.252924
Japan,1994,121,36.204824,138.252924
Japan,1995,119,36.204824,138.252924
Japan,1996,112,36.204824,138.252924
Japan,1997,107,36.204824,138.252924
Japan,1998,110,36.204824,138.252924
Japan,1999,109,36.204824,138.252924
Japan,2000,103,36.204824,138.252924
Japan,2001,97,36.204824,138.252924
Japan,2002,92,36.204824,138.252924
Japan,2003,90,36.204824,138.252924
Japan,2004,86,36.204824,138.252924
Japan,2005,83,36.204824,138.252924
Japan,2006,77,36.204824,138.252924
Japan,2007,73,36.204824,138.252924
Japan,2008,69,36.204824,138.252924
Japan,2009,66,36.204824,138.252924
Japan,2010,62,36.204824,138.252924
Japan,2011,59,36.204824,138.252924
Japan,2012,55,36.204824,138.252924
Japan,2013,53,36.204824,138.252924
Japan,2014,51,36.204824,138.252924
Japan,2015,48,36.204824,138.252924
Kazakhstan,1990,44,48.019573,66.923684
Kazakhstan,1991,49,48.019573,66.923684
Kazakhstan,1992,56,48.019573,66.923684
Kazakhstan,1993,67,48.019573,66.923684
Kazakhstan,1994,78,48.019573,66.923684
Kazakhstan,1995,94,48.019573,66.923684
Kazakhstan,1996,104,48.019573,66.923684
Kazakhstan,1997,104,48.019573,66.923684
Kazakhstan,1998,103,48.019573,66.923684
Kazakhstan,1999,104,48.019573,66.923684
Kazakhstan,2000,118,48.019573,66.923684
Kazakhstan,2001,122,48.019573,66.923684
Kazakhstan,2002,122,48.019573,66.923684
Kazakhstan,2003,128,48.019573,66.923684
Kazakhstan,2004,136,48.019573,66.923684
Kazakhstan,2005,142,48.019573,66.923684
Kazakhstan,2006,142,48.019573,66.923684
Kazakhstan,2007,134,48.019573,66.923684
Kazakhstan,2008,112,48.019573,66.923684
Kazakhstan,2009,95,48.019573,66.923684
Kazakhstan,2010,90,48.019573,66.923684
Kazakhstan,2011,84,48.019573,66.923684
Kazakhstan,2012,79,48.019573,66.923684
Kazakhstan,2013,72,48.019573,66.923684
Kazakhstan,2014,64,48.019573,66.923684
Kazakhstan,2015,57,48.019573,66.923684
Kiribati,1991,0,-3.370417,-168.734039
Kiribati,1992,0,-3.370417,-168.734039
Kiribati,1993,0,-3.370417,-168.734039
Kiribati,1994,0,-3.370417,-168.734039
Kiribati,1995,0,-3.370417,-168.734039
Kiribati,1996,0,-3.370417,-168.734039
Kiribati,1997,0,-3.370417,-168.734039
Kiribati,1998,0,-3.370417,-168.734039
Kiribati,1999,0,-3.370417,-168.734039
Kiribati,2000,0,-3.370417,-168.734039
Kiribati,2001,0,-3.370417,-168.734039
Kuwait,1993,1,29.31166,47.481766
Kuwait,1994,1,29.31166,47.481766
Kuwait,1995,1,29.31166,47.481766
Kuwait,1996,1,29.31166,47.481766
Kuwait,1997,1,29.31166,47.481766
Kuwait,1998,1,29.31166,47.481766
Kuwait,1999,2,29.31166,47.481766
Kuwait,2000,2,29.31166,47.481766
Kuwait,2001,1,29.31166,47.481766
Kuwait,2002,1,29.31166,47.481766
Kuwait,2003,1,29.31166,47.481766
Kuwait,2004,1,29.31166,47.481766
Kuwait,2005,2,29.31166,47.481766
Kuwait,2006,2,29.31166,47.481766
Kuwait,2007,2,29.31166,47.481766
Kuwait,2008,2,29.31166,47.481766
Kuwait,2009,2,29.31166,47.481766
Kuwait,2010,2,29.31166,47.481766
Kuwait,2011,2,29.31166,47.481766
Kuwait,2012,2,29.31166,47.481766
Kuwait,2013,2,29.31166,47.481766
Kuwait,2014,2,29.31166,47.481766
Kyrgyzstan,1990,11,41.20438,74.766098
Kyrgyzstan,1991,11,41.20438,74.766098
Kyrgyzstan,1992,12,41.20438,74.766098
Kyrgyzstan,1993,13,41.20438,74.766098
Kyrgyzstan,1994,16,41.20438,74.766098
Kyrgyzstan,1995,16,41.20438,74.766098
Kyrgyzstan,1996,15,41.20438,74.766098
Kyrgyzstan,1997,15,41.20438,74.766098
Kyrgyzstan,1998,14,41.20438,74.766098
Kyrgyzstan,1999,14,41.20438,74.766098
Kyrgyzstan,2000,14,41.20438,74.766098
Kyrgyzstan,2001,14,41.20438,74.766098
Kyrgyzstan,2002,13,41.20438,74.766098
Kyrgyzstan,2003,13,41.20438,74.766098
Kyrgyzstan,2004,10,41.20438,74.766098
Kyrgyzstan,2005,10,41.20438,74.766098
Kyrgyzstan,2006,10,41.20438,74.766098
Kyrgyzstan,2007,9,41.20438,74.766098
Kyrgyzstan,2008,8,41.20438,74.766098
Kyrgyzstan,2009,8,41.20438,74.766098
Kyrgyzstan,2010,8,41.20438,74.766098
Kyrgyzstan,2011,7,41.20438,74.766098
Kyrgyzstan,2012,8,41.20438,74.766098
Kyrgyzstan,2013,8,41.20438,74.766098
Kyrgyzstan,2014,8,41.20438,74.766098
Kyrgyzstan,2015,7,41.20438,74.766098
Latvia,1995,83,56.879635,24.603189
Latvia,1996,58,56.879635,24.603189
Latvia,1997,50,56.879635,24.603189
Latvia,1998,53,56.879635,24.603189
Latvia,1999,46,56.879635,24.603189
Latvia,2000,40,56.879635,24.603189
Latvia,2001,42,56.879635,24.603189
Latvia,2002,40,56.879635,24.603189
Latvia,2003,34,56.879635,24.603189
Latvia,2004,32,56.879635,24.603189
Latvia,2005,34,56.879635,24.603189
Latvia,2006,36,56.879635,24.603189
Latvia,2007,35,56.879635,24.603189
Latvia,2008,30,56.879635,24.603189
Latvia,2009,27,56.879635,24.603189
Latvia,2010,26,56.879635,24.603189
Latvia,2011,23,56.879635,24.603189
Latvia,2012,23,56.879635,24.603189
Latvia,2013,22,56.879635,24.603189
Latvia,2014,21,56.879635,24.603189
Latvia,2015,20,56.879635,24.603189
Lithuania,1995,61,55.169438,23.881275
Lithuania,1996,56,55.169438,23.881275
Lithuania,1997,50,55.169438,23.881275
Lithuania,1998,47,55.169438,23.881275
Lithuania,1999,43,55.169438,23.881275
Lithuania,2000,41,55.169438,23.881275
Lithuania,2001,42,55.169438,23.881275
Lithuania,2002,39,55.169438,23.881275
Lithuania,2003,36,55.169438,23.881275
Lithuania,2004,35,55.169438,23.881275
Lithuania,2005,38,55.169438,23.881275
Lithuania,2006,37,55.169438,23.881275
Lithuania,2007,39,55.169438,23.881275
Lithuania,2008,34,55.169438,23.881275
Lithuania,2009,28,55.169438,23.881275
Lithuania,2010,29,55.169438,23.881275
Lithuania,2011,27,55.169438,23.881275
Lithuania,2012,27,55.169438,23.881275
Lithuania,2013,28,55.169438,23.881275
Lithuania,2014,26,55.169438,23.881275
Lithuania,2015,26,55.169438,23.881275
Lithuania,2016,26,55.169438,23.881275
Luxembourg,1990,10,49.815273,6.129583
Luxembourg,1991,11,49.815273,6.129583
Luxembourg,1992,11,49.815273,6.129583
Luxembourg,1993,11,49.815273,6.129583
Luxembourg,1994,11,49.815273,6.129583
Luxembourg,1995,11,49.815273,6.129583
Luxembourg,1996,11,49.815273,6.129583
Luxembourg,1997,10,49.815273,6.129583
Luxembourg,1998,9,49.815273,6.129583
Luxembourg,1999,9,49.815273,6.129583
Luxembourg,2000,8,49.815273,6.129583
Luxembourg,2001,8,49.815273,6.129583
Luxembourg,2002,8,49.815273,6.129583
Luxembourg,2003,8,49.815273,6.129583
Luxembourg,2004,8,49.815273,6.129583
Luxembourg,2005,7,49.815273,6.129583
Luxembourg,2006,7,49.815273,6.129583
Luxembourg,2007,7,49.815273,6.129583
Luxembourg,2008,6,49.815273,6.129583
Luxembourg,2009,6,49.815273,6.129583
Luxembourg,2010,6,49.815273,6.129583
Luxembourg,2011,6,49.815273,6.129583
Luxembourg,2012,6,49.815273,6.129583
Luxembourg,2013,6,49.815273,6.129583
Luxembourg,2014,6,49.815273,6.129583
Luxembourg,2015,6,49.815273,6.129583
Maldives,2000,0,3.202778,73.22068
Maldives,2001,0,3.202778,73.22068
Maldives,2002,0,3.202778,73.22068
Maldives,2003,0,3.202778,73.22068
Maldives,2004,0,3.202778,73.22068
Maldives,2005,0,3.202778,73.22068
Maldives,2007,0,3.202778,73.22068
Maldives,2008,0,3.202778,73.22068
Maldives,2010,0,3.202778,73.22068
Maldives,2011,0,3.202778,73.22068
Malta,1990,3,35.937496,14.375416
Malta,1991,3,35.937496,14.375416
Malta,1992,3,35.937496,14.375416
Malta,1993,3,35.937496,14.375416
Malta,1994,3,35.937496,14.375416
Malta,1995,3,35.937496,14.375416
Malta,1996,3,35.937496,14.375416
Malta,1997,3,35.937496,14.375416
Malta,1998,3,35.937496,14.375416
Malta,1999,3,35.937496,14.375416
Malta,2000,3,35.937496,14.375416
Malta,2001,3,35.937496,14.375416
Malta,2002,3,35.937496,14.375416
Malta,2003,3,35.937496,14.375416
Malta,2004,3,35.937496,14.375416
Malta,2005,3,35.937496,14.375416
Malta,2006,3,35.937496,14.375416
Malta,2007,3,35.937496,14.375416
Malta,2008,3,35.937496,14.375416
Malta,2009,3,35.937496,14.375416
Malta,2010,3,35.937496,14.375416
Malta,2011,3,35.937496,14.375416
Malta,2012,3,35.937496,14.375416
Malta,2013,2,35.937496,14.375416
Malta,2014,2,35.937496,14.375416
Malta,2015,2,35.937496,14.375416
Mauritius,1990,1,-20.348404,57.552152
Mauritius,1991,1,-20.348404,57.552152
Mauritius,1992,1,-20.348404,57.552152
Mauritius,1993,1,-20.348404,57.552152
Mauritius,1994,1,-20.348404,57.552152
Mauritius,1995,2,-20.348404,57.552152
Mauritius,1996,1,-20.348404,57.552152
Mauritius,1997,1,-20.348404,57.552152
Mauritius,1998,1,-20.348404,57.552152
Mauritius,1999,1,-20.348404,57.552152
Mauritius,2000,1,-20.348404,57.552152
Mauritius,2001,1,-20.348404,57.552152
Mauritius,2002,1,-20.348404,57.552152
Mauritius,2003,1,-20.348404,57.552152
Mauritius,2004,1,-20.348404,57.552152
Mauritius,2005,1,-20.348404,57.552152
Mauritius,2006,1,-20.348404,57.552152
Mauritius,2007,1,-20.348404,57.552152
Mauritius,2008,1,-20.348404,57.552152
Mauritius,2009,1,-20.348404,57.552152
Mauritius,2010,1,-20.348404,57.552152
Mauritius,2011,1,-20.348404,57.552152
Mauritius,2012,1,-20.348404,57.552152
Mauritius,2013,1,-20.348404,57.552152
Mauritius,2014,1,-20.348404,57.552152
Mauritius,2015,1,-20.348404,57.552152
Mauritius,2016,1,-20.348404,57.552152
Mexico,1990,664,23.634501,-102.552784
Mexico,1991,717,23.634501,-102.552784
Mexico,1992,772,23.634501,-102.552784
Mexico,1993,801,23.634501,-102.552784
Mexico,1994,851,23.634501,-102.552784
Mexico,1995,866,23.634501,-102.552784
Mexico,1996,864,23.634501,-102.552784
Mexico,1997,887,23.634501,-102.552784
Mexico,1998,893,23.634501,-102.552784
Mexico,1999,860,23.634501,-102.552784
Mexico,2000,820,23.634501,-102.552784
Mexico,2001,785,23.634501,-102.552784
Mexico,2002,782,23.634501,-102.552784
Mexico,2003,784,23.634501,-102.552784
Mexico,2004,747,23.634501,-102.552784
Mexico,2005,753,23.634501,-102.552784
Mexico,2006,729,23.634501,-102.552784
Mexico,2007,714,23.634501,-102.552784
Mexico,2008,767,23.634501,-102.552784
Mexico,2009,789,23.634501,-102.552784
Mexico,2010,761,23.634501,-102.552784
Mexico,2011,742,23.634501,-102.552784
Mexico,2012,717,23.634501,-102.552784
Mexico,2013,754,23.634501,-102.552784
Mexico,2014,749,23.634501,-102.552784
Mexico,2015,753,23.634501,-102.552784
Mongolia,2016,20,46.862496,103.846656
Montenegro,2000,26,42.708678,19.37439
Montenegro,2001,25,42.708678,19.37439
Montenegro,2002,24,42.708678,19.37439
Montenegro,2003,25,42.708678,19.37439
Montenegro,2004,26,42.708678,19.37439
Montenegro,2005,27,42.708678,19.37439
Montenegro,2006,27,42.708678,19.37439
Montenegro,2007,27,42.708678,19.37439
Montenegro,2008,26,42.708678,19.37439
Montenegro,2009,25,42.708678,19.37439
Netherlands,1990,49,52.132633,5.291266
Netherlands,1991,49,52.132633,5.291266
Netherlands,1992,52,52.132633,5.291266
Netherlands,1993,55,52.132633,5.291266
Netherlands,1994,54,52.132633,5.291266
Netherlands,1995,54,52.132633,5.291266
Netherlands,1996,57,52.132633,5.291266
Netherlands,1997,57,52.132633,5.291266
Netherlands,1998,58,52.132633,5.291266
Netherlands,1999,59,52.132633,5.291266
Netherlands,2000,59,52.132633,5.291266
Netherlands,2001,58,52.132633,5.291266
Netherlands,2002,58,52.132633,5.291266
Netherlands,2003,60,52.132633,5.291266
Netherlands,2004,57,52.132633,5.291266
Netherlands,2005,54,52.132633,5.291266
Netherlands,2006,52,52.132633,5.291266
Netherlands,2007,50,52.132633,5.291266
Netherlands,2008,50,52.132633,5.291266
Netherlands,2009,50,52.132633,5.291266
Netherlands,2010,49,52.132633,5.291266
Netherlands,2011,48,52.132633,5.291266
Netherlands,2012,48,52.132633,5.291266
Netherlands,2013,47,52.132633,5.291266
Netherlands,2014,44,52.132633,5.291266
Netherlands,2015,46,52.132633,5.291266
Netherlands,2016,45,52.132633,5.291266
New Zealand,1990,73,-40.900557,174.885971
New Zealand,1991,72,-40.900557,174.885971
New Zealand,1992,76,-40.900557,174.885971
New Zealand,1993,72,-40.900557,174.885971
New Zealand,1994,67,-40.900557,174.885971
New Zealand,1995,70,-40.900557,174.885971
New Zealand,1996,65,-40.900557,174.885971
New Zealand,1997,63,-40.900557,174.885971
New Zealand,1998,59,-40.900557,174.885971
New Zealand,1999,53,-40.900557,174.885971
New Zealand,2000,49,-40.900557,174.885971
New Zealand,2001,50,-40.900557,174.885971
New Zealand,2002,49,-40.900557,174.885971
New Zealand,2003,47,-40.900557,174.885971
New Zealand,2004,45,-40.900557,174.885971
New Zealand,2005,46,-40.900557,174.885971
New Zealand,2006,44,-40.900557,174.885971
New Zealand,2007,45,-40.900557,174.885971
New Zealand,2008,43,-40.900557,174.885971
New Zealand,2009,43,-40.900557,174.885971
New Zealand,2010,41,-40.900557,174.885971
New Zealand,2011,40,-40.900557,174.885971
New Zealand,2012,41,-40.900557,174.885971
New Zealand,2013,40,-40.900557,174.885971
Nicaragua,2010,18,12.865416,-85.207229
Nicaragua,2011,19,12.865416,-85.207229
Nicaragua,2012,20,12.865416,-85.207229
Nicaragua,2013,20,12.865416,-85.207229
Nicaragua,2014,20,12.865416,-85.207229
Nicaragua,2015,18,12.865416,-85.207229
Norway,1990,210,60.472024,8.468946
Norway,1991,200,60.472024,8.468946
Norway,1992,192,60.472024,8.468946
Norway,1993,177,60.472024,8.468946
Norway,1994,161,60.472024,8.468946
Norway,1995,159,60.472024,8.468946
Norway,1996,145,60.472024,8.468946
Norway,1997,138,60.472024,8.468946
Norway,1998,133,60.472024,8.468946
Norway,1999,128,60.472024,8.468946
Norway,2000,127,60.472024,8.468946
Norway,2001,120,60.472024,8.468946
Norway,2002,114,60.472024,8.468946
Norway,2003,109,60.472024,8.468946
Norway,2004,103,60.472024,8.468946
Norway,2005,96,60.472024,8.468946
Norway,2006,94,60.472024,8.468946
Norway,2007,89,60.472024,8.468946
Norway,2008,92,60.472024,8.468946
Norway,2009,94,60.472024,8.468946
Norway,2010,90,60.472024,8.468946
Norway,2011,90,60.472024,8.468946
Norway,2012,84,60.472024,8.468946
Norway,2013,84,60.472024,8.468946
Norway,2014,78,60.472024,8.468946
Norway,2015,76,60.472024,8.468946
Oman,2009,2,21.512583,55.923255
Oman,2010,2,21.512583,55.923255
Oman,2014,2,21.512583,55.923255
Panama,1996,16,8.537981,-80.782127
Panama,1997,16,8.537981,-80.782127
Panama,1998,17,8.537981,-80.782127
Panama,1999,17,8.537981,-80.782127
Panama,2000,15,8.537981,-80.782127
Panama,2001,17,8.537981,-80.782127
Panama,2002,16,8.537981,-80.782127
Panama,2003,16,8.537981,-80.782127
Panama,2004,14,8.537981,-80.782127
Panama,2005,12,8.537981,-80.782127
Panama,2006,13,8.537981,-80.782127
Panama,2007,11,8.537981,-80.782127
Panama,2008,11,8.537981,-80.782127
Panama,2009,12,8.537981,-80.782127
Panama,2010,9,8.537981,-80.782127
Panama,2011,9,8.537981,-80.782127
Panama,2012,8,8.537981,-80.782127
Panama,2013,7,8.537981,-80.782127
Panama,2014,8,8.537981,-80.782127
Panama,2015,7,8.537981,-80.782127
Paraguay,1990,31,-23.442503,-58.443832
Paraguay,1991,31,-23.442503,-58.443832
Paraguay,1994,41,-23.442503,-58.443832
Paraguay,1995,45,-23.442503,-58.443832
Paraguay,1996,48,-23.442503,-58.443832
Paraguay,1997,48,-23.442503,-58.443832
Paraguay,1998,49,-23.442503,-58.443832
Paraguay,1999,54,-23.442503,-58.443832
Paraguay,2000,57,-23.442503,-58.443832
Paraguay,2001,59,-23.442503,-58.443832
Paraguay,2002,63,-23.442503,-58.443832
Paraguay,2003,67,-23.442503,-58.443832
Paraguay,2004,72,-23.442503,-58.443832
Paraguay,2005,70,-23.442503,-58.443832
Paraguay,2006,70,-23.442503,-58.443832
Paraguay,2007,70,-23.442503,-58.443832
Paraguay,2008,73,-23.442503,-58.443832
Paraguay,2009,77,-23.442503,-58.443832
Paraguay,2010,75,-23.442503,-58.443832
Paraguay,2011,73,-23.442503,-58.443832
Paraguay,2012,73,-23.442503,-58.443832
Paraguay,2013,74,-23.442503,-58.443832
Paraguay,2014,75,-23.442503,-58.443832
Philippines,1992,72,12.879721,121.774017
Philippines,1993,72,12.879721,121.774017
Philippines,1997,70,12.879721,121.774017
Philippines,1998,70,12.879721,121.774017
Philippines,1999,68,12.879721,121.774017
Philippines,2000,68,12.879721,121.774017
Philippines,2001,69,12.879721,121.774017
Philippines,2002,70,12.879721,121.774017
Philippines,2003,70,12.879721,121.774017
Philippines,2006,76,12.879721,121.774017
Philippines,2007,75,12.879721,121.774017
Philippines,2008,76,12.879721,121.774017
Philippines,2009,77,12.879721,121.774017
Philippines,2010,79,12.879721,121.774017
Philippines,2011,83,12.879721,121.774017
Poland,1990,99,51.919438,19.145136
Poland,1991,113,51.919438,19.145136
Poland,1992,110,51.919438,19.145136
Poland,1993,104,51.919438,19.145136
Poland,1994,111,51.919438,19.145136
Poland,1995,119,51.919438,19.145136
Poland,1996,115,51.919438,19.145136
Poland,1999,133,51.919438,19.145136
Poland,2000,119,51.919438,19.145136
Poland,2001,112,51.919438,19.145136
Poland,2002,110,51.919438,19.145136
Poland,2003,105,51.919438,19.145136
Poland,2004,108,51.919438,19.145136
Poland,2005,105,51.919438,19.145136
Poland,2006,101,51.919438,19.145136
Poland,2007,101,51.919438,19.145136
Poland,2008,100,51.919438,19.145136
Poland,2009,95,51.919438,19.145136
Poland,2010,87,51.919438,19.145136
Poland,2011,81,51.919438,19.145136
Poland,2012,78,51.919438,19.145136
Poland,2013,71,51.919438,19.145136
Poland,2014,63,51.919438,19.145136
Poland,2015,64,51.919438,19.145136
Portugal,1990,135,39.399872,-8.224454
Portugal,1991,146,39.399872,-8.224454
Portugal,1992,147,39.399872,-8.224454
Portugal,1993,147,39.399872,-8.224454
Portugal,1994,138,39.399872,-8.224454
Portugal,1995,148,39.399872,-8.224454
Portugal,1996,155,39.399872,-8.224454
Portugal,1997,157,39.399872,-8.224454
Portugal,1998,156,39.399872,-8.224454
Portugal,1999,162,39.399872,-8.224454
Portugal,2000,166,39.399872,-8.224454
Portugal,2001,176,39.399872,-8.224454
Portugal,2002,180,39.399872,-8.224454
Portugal,2003,193,39.399872,-8.224454
Portugal,2007,219,39.399872,-8.224454
Portugal,2008,224,39.399872,-8.224454
Portugal,2009,227,39.399872,-8.224454
Portugal,2010,228,39.399872,-8.224454
Portugal,2011,224,39.399872,-8.224454
Portugal,2012,220,39.399872,-8.224454
Portugal,2013,206,39.399872,-8.224454
Portugal,2014,193,39.399872,-8.224454
Puerto Rico,1990,71,18.220833,-66.590149
Puerto Rico,1991,72,18.220833,-66.590149
Puerto Rico,1992,73,18.220833,-66.590149
Puerto Rico,1993,79,18.220833,-66.590149
Puerto Rico,1994,74,18.220833,-66.590149
Puerto Rico,1995,70,18.220833,-66.590149
Puerto Rico,1996,66,18.220833,-66.590149
Puerto Rico,1997,59,18.220833,-66.590149
Puerto Rico,1998,61,18.220833,-66.590149
Puerto Rico,1999,52,18.220833,-66.590149
Puerto Rico,2000,50,18.220833,-66.590149
Puerto Rico,2001,49,18.220833,-66.590149
Puerto Rico,2002,42,18.220833,-66.590149
Puerto Rico,2003,40,18.220833,-66.590149
Puerto Rico,2004,40,18.220833,-66.590149
Puerto Rico,2005,41,18.220833,-66.590149
Puerto Rico,2006,39,18.220833,-66.590149
Puerto Rico,2007,37,18.220833,-66.590149
Puerto Rico,2008,37,18.220833,-66.590149
Puerto Rico,2009,38,18.220833,-66.590149
Puerto Rico,2010,34,18.220833,-66.590149
Puerto Rico,2011,37,18.220833,-66.590149
Puerto Rico,2012,33,18.220833,-66.590149
Puerto Rico,2013,34,18.220833,-66.590149
Puerto Rico,2014,31,18.220833,-66.590149
Puerto Rico,2015,30,18.220833,-66.590149
Qatar,1995,1,25.354826,51.183884
Qatar,2001,0,25.354826,51.183884
Qatar,2004,1,25.354826,51.183884
Qatar,2005,1,25.354826,51.183884
Qatar,2006,1,25.354826,51.183884
Qatar,2007,1,25.354826,51.183884
Qatar,2008,1,25.354826,51.183884
Qatar,2009,1,25.354826,51.183884
Qatar,2010,1,25.354826,51.183884
Qatar,2011,1,25.354826,51.183884
Qatar,2012,1,25.354826,51.183884
Qatar,2013,1,25.354826,51.183884
Qatar,2014,1,25.354826,51.183884
Qatar,2015,1,25.354826,51.183884
Qatar,2016,1,25.354826,51.183884
Romania,1990,23,45.943161,24.96676
Romania,1991,23,45.943161,24.96676
Romania,1992,26,45.943161,24.96676
Romania,1993,27,45.943161,24.96676
Romania,1994,29,45.943161,24.96676
Romania,1995,32,45.943161,24.96676
Romania,1996,34,45.943161,24.96676
Romania,1997,34,45.943161,24.96676
Romania,1998,30,45.943161,24.96676
Romania,1999,27,45.943161,24.96676
Romania,2000,27,45.943161,24.96676
Romania,2001,26,45.943161,24.96676
Romania,2002,26,45.943161,24.96676
Romania,2003,24,45.943161,24.96676
Romania,2004,21,45.943161,24.96676
Romania,2005,20,45.943161,24.96676
Romania,2006,18,45.943161,24.96676
Romania,2007,17,45.943161,24.96676
Romania,2008,18,45.943161,24.96676
Romania,2009,17,45.943161,24.96676
Romania,2010,16,45.943161,24.96676
Romania,2011,14,45.943161,24.96676
Romania,2012,13,45.943161,24.96676
Romania,2013,12,45.943161,24.96676
Romania,2014,12,45.943161,24.96676
Romania,2015,12,45.943161,24.96676
Romania,2016,12,45.943161,24.96676
Saint Kitts and Nevis,1990,0,17.357822,-62.782998
Saint Kitts and Nevis,1991,0,17.357822,-62.782998
Saint Kitts and Nevis,1992,0,17.357822,-62.782998
Saint Lucia,1990,0,13.909444,-60.978893
Saint Lucia,1991,0,13.909444,-60.978893
Saint Lucia,1992,0,13.909444,-60.978893
Saint Lucia,1993,0,13.909444,-60.978893
Saint Lucia,1994,0,13.909444,-60.978893
Saint Lucia,1995,0,13.909444,-60.978893
Saint Lucia,1996,0,13.909444,-60.978893
Saint Lucia,1997,0,13.909444,-60.978893
Saint Lucia,1998,0,13.909444,-60.978893
Saint Lucia,1999,0,13.909444,-60.978893
Saint Lucia,2000,0,13.909444,-60.978893
Saint Lucia,2001,0,13.909444,-60.978893
Saint Lucia,2002,0,13.909444,-60.978893
Saint Lucia,2003,0,13.909444,-60.978893
Saint Lucia,2004,0,13.909444,-60.978893
Saint Lucia,2005,0,13.909444,-60.978893
Saint Lucia,2006,0,13.909444,-60.978893
Saint Lucia,2008,0,13.909444,-60.978893
Saint Lucia,2009,0,13.909444,-60.978893
Saint Lucia,2010,0,13.909444,-60.978893
Saint Lucia,2011,0,13.909444,-60.978893
Saint Lucia,2012,0,13.909444,-60.978893
Saint Lucia,2013,0,13.909444,-60.978893
Saint Lucia,2014,0,13.909444,-60.978893
San Marino,1999,1,43.94236,12.457777
San Marino,2000,1,43.94236,12.457777
San Marino,2005,1,43.94236,12.457777
Serbia,1998,343,44.016521,21.005859
Serbia,1999,343,44.016521,21.005859
Serbia,2000,357,44.016521,21.005859
Serbia,2001,334,44.016521,21.005859
Serbia,2002,321,44.016521,21.005859
Serbia,2003,318,44.016521,21.005859
Serbia,2004,310,44.016521,21.005859
Serbia,2005,305,44.016521,21.005859
Serbia,2006,292,44.016521,21.005859
Serbia,2007,283,44.016521,21.005859
Serbia,2008,282,44.016521,21.005859
Serbia,2009,273,44.016521,21.005859
Serbia,2010,259,44.016521,21.005859
Serbia,2011,252,44.016521,21.005859
Serbia,2012,245,44.016521,21.005859
Serbia,2013,237,44.016521,21.005859
Serbia,2014,232,44.016521,21.005859
Serbia,2015,230,44.016521,21.005859
Seychelles,2001,0,-4.679574,55.491977
Seychelles,2002,0,-4.679574,55.491977
Seychelles,2003,0,-4.679574,55.491977
Seychelles,2004,0,-4.679574,55.491977
Seychelles,2005,0,-4.679574,55.491977
Seychelles,2006,0,-4.679574,55.491977
Seychelles,2007,0,-4.679574,55.491977
Seychelles,2008,0,-4.679574,55.491977
Seychelles,2009,0,-4.679574,55.491977
Seychelles,2010,0,-4.679574,55.491977
Seychelles,2011,0,-4.679574,55.491977
Seychelles,2012,0,-4.679574,55.491977
Seychelles,2013,0,-4.679574,55.491977
Seychelles,2014,0,-4.679574,55.491977
Seychelles,2015,0,-4.679574,55.491977
Singapore,1990,4,1.352083,103.819836
Singapore,1991,4,1.352083,103.819836
Singapore,1992,4,1.352083,103.819836
Singapore,1993,4,1.352083,103.819836
Singapore,1994,4,1.352083,103.819836
Singapore,1995,4,1.352083,103.819836
Singapore,1996,4,1.352083,103.819836
Singapore,1997,4,1.352083,103.819836
Singapore,1998,4,1.352083,103.819836
Singapore,1999,3,1.352083,103.819836
Singapore,2000,3,1.352083,103.819836
Singapore,2001,2,1.352083,103.819836
Singapore,2002,2,1.352083,103.819836
Singapore,2003,2,1.352083,103.819836
Singapore,2004,2,1.352083,103.819836
Singapore,2005,2,1.352083,103.819836
Singapore,2006,2,1.352083,103.819836
Singapore,2007,2,1.352083,103.819836
Singapore,2008,2,1.352083,103.819836
Singapore,2009,2,1.352083,103.819836
Singapore,2010,2,1.352083,103.819836
Singapore,2011,2,1.352083,103.819836
Singapore,2012,2,1.352083,103.819836
Singapore,2013,2,1.352083,103.819836
Singapore,2014,2,1.352083,103.819836
Singapore,2015,2,1.352083,103.819836
Slovakia,1992,88,48.669026,19.699024
Slovakia,1993,83,48.669026,19.699024
Slovakia,1994,80,48.669026,19.699024
Slovakia,1995,80,48.669026,19.699024
Slovakia,1996,79,48.669026,19.699024
Slovakia,1997,84,48.669026,19.699024
Slovakia,1998,89,48.669026,19.699024
Slovakia,1999,87,48.669026,19.699024
Slovakia,2000,85,48.669026,19.699024
Slovakia,2001,82,48.669026,19.699024
Slovakia,2002,82,48.669026,19.699024
Slovakia,2003,81,48.669026,19.699024
Slovakia,2004,76,48.669026,19.699024
Slovakia,2005,76,48.669026,19.699024
Slovakia,2006,71,48.669026,19.699024
Slovakia,2007,71,48.669026,19.699024
Slovakia,2008,70,48.669026,19.699024
Slovakia,2009,66,48.669026,19.699024
Slovakia,2010,62,48.669026,19.699024
Slovakia,2012,60,48.669026,19.699024
Slovakia,2013,56,48.669026,19.699024
Slovakia,2014,56,48.669026,19.699024
Slovenia,1995,54,46.151241,14.995463
Slovenia,1996,54,46.151241,14.995463
Slovenia,1997,57,46.151241,14.995463
Slovenia,1998,54,46.151241,14.995463
Slovenia,1999,53,46.151241,14.995463
Slovenia,2000,55,46.151241,14.995463
Slovenia,2001,56,46.151241,14.995463
Slovenia,2002,58,46.151241,14.995463
Slovenia,2003,63,46.151241,14.995463
Slovenia,2004,57,46.151241,14.995463
Slovenia,2005,52,46.151241,14.995463
Slovenia,2006,56,46.151241,14.995463
Slovenia,2007,53,46.151241,14.995463
Slovenia,2008,50,46.151241,14.995463
Slovenia,2009,45,46.151241,14.995463
Slovenia,2010,45,46.151241,14.995463
Slovenia,2011,43,46.151241,14.995463
Slovenia,2012,42,46.151241,14.995463
Slovenia,2013,40,46.151241,14.995463
Slovenia,2014,34,46.151241,14.995463
Slovenia,2015,37,46.151241,14.995463
South Africa,1996,302,-30.559482,22.937506
South Africa,1997,368,-30.559482,22.937506
South Africa,1998,408,-30.559482,22.937506
South Africa,1999,414,-30.559482,22.937506
South Africa,2000,481,-30.559482,22.937506
South Africa,2001,501,-30.559482,22.937506
South Africa,2002,554,-30.559482,22.937506
South Africa,2003,607,-30.559482,22.937506
South Africa,2004,623,-30.559482,22.937506
South Africa,2005,619,-30.559482,22.937506
South Africa,2006,621,-30.559482,22.937506
South Africa,2007,578,-30.559482,22.937506
South Africa,2008,550,-30.559482,22.937506
South Africa,2009,509,-30.559482,22.937506
South Africa,2010,459,-30.559482,22.937506
South Africa,2011,401,-30.559482,22.937506
South Africa,2012,380,-30.559482,22.937506
South Africa,2013,369,-30.559482,22.937506
South Africa,2014,373,-30.559482,22.937506
South Africa,2015,370,-30.559482,22.937506
Spain,1990,232,40.463667,-3.74922
Spain,1991,233,40.463667,-3.74922
Spain,1992,226,40.463667,-3.74922
Spain,1993,221,40.463667,-3.74922
Spain,1994,227,40.463667,-3.74922
Spain,1995,231,40.463667,-3.74922
Spain,1996,236,40.463667,-3.74922
Spain,1997,239,40.463667,-3.74922
Spain,1998,245,40.463667,-3.74922
Spain,1999,256,40.463667,-3.74922
Spain,2000,253,40.463667,-3.74922
Spain,2001,249,40.463667,-3.74922
Spain,2002,252,40.463667,-3.74922
Spain,2003,257,40.463667,-3.74922
Spain,2004,249,40.463667,-3.74922
Spain,2005,249,40.463667,-3.74922
Spain,2006,246,40.463667,-3.74922
Spain,2007,250,40.463667,-3.74922
Spain,2008,250,40.463667,-3.74922
Spain,2009,243,40.463667,-3.74922
Spain,2010,236,40.463667,-3.74922
Spain,2011,231,40.463667,-3.74922
Spain,2012,231,40.463667,-3.74922
Spain,2013,225,40.463667,-3.74922
Spain,2014,221,40.463667,-3.74922
Spain,2015,224,40.463667,-3.74922
Sri Lanka,1996,59,7.873054,80.771797
Sri Lanka,1997,64,7.873054,80.771797
Sri Lanka,1998,57,7.873054,80.771797
Sri Lanka,1999,55,7.873054,80.771797
Sri Lanka,2000,56,7.873054,80.771797
Sri Lanka,2001,46,7.873054,80.771797
Sri Lanka,2002,39,7.873054,80.771797
Sri Lanka,2003,36,7.873054,80.771797
Sri Lanka,2006,32,7.873054,80.771797
Suriname,1990,5,3.919305,-56.027783
Suriname,1991,5,3.919305,-56.027783
Suriname,1992,5,3.919305,-56.027783
Suriname,1995,5,3.919305,-56.027783
Suriname,1996,4,3.919305,-56.027783
Suriname,1997,4,3.919305,-56.027783
Suriname,1998,5,3.919305,-56.027783
Suriname,1999,5,3.919305,-56.027783
Suriname,2000,5,3.919305,-56.027783
Suriname,2001,5,3.919305,-56.027783
Suriname,2002,5,3.919305,-56.027783
Suriname,2003,6,3.919305,-56.027783
Suriname,2004,6,3.919305,-56.027783
Suriname,2005,6,3.919305,-56.027783
Suriname,2006,6,3.919305,-56.027783
Suriname,2007,6,3.919305,-56.027783
Suriname,2008,6,3.919305,-56.027783
Suriname,2009,6,3.919305,-56.027783
Suriname,2010,6,3.919305,-56.027783
Suriname,2011,6,3.919305,-56.027783
Suriname,2012,6,3.919305,-56.027783
Suriname,2013,6,3.919305,-56.027783
Suriname,2014,6,3.919305,-56.027783
Sweden,1990,217,60.128161,18.643501
Sweden,1991,223,60.128161,18.643501
Sweden,1992,207,60.128161,18.643501
Sweden,1993,207,60.128161,18.643501
Sweden,1994,197,60.128161,18.643501
Sweden,1995,195,60.128161,18.643501
Sweden,1996,186,60.128161,18.643501
Sweden,1997,181,60.128161,18.643501
Sweden,1998,172,60.128161,18.643501
Sweden,1999,172,60.128161,18.643501
Sweden,2000,165,60.128161,18.643501
Sweden,2001,165,60.128161,18.643501
Sweden,2002,163,60.128161,18.643501
Sweden,2003,151,60.128161,18.643501
Sweden,2004,154,60.128161,18.643501
Sweden,2005,144,60.128161,18.643501
Sweden,2006,140,60.128161,18.643501
Sweden,2007,140,60.128161,18.643501
Sweden,2008,140,60.128161,18.643501
Sweden,2009,141,60.128161,18.643501
Sweden,2010,135,60.128161,18.643501
Sweden,2011,135,60.128161,18.643501
Sweden,2012,133,60.128161,18.643501
Sweden,2013,133,60.128161,18.643501
Sweden,2014,133,60.128161,18.643501
Sweden,2015,133,60.128161,18.643501
Sweden,2016,126,60.128161,18.643501
Switzerland,1995,496,46.818188,8.227512
Switzerland,1996,462,46.818188,8.227512
Switzerland,1997,452,46.818188,8.227512
Switzerland,1998,446,46.818188,8.227512
Switzerland,1999,415,46.818188,8.227512
Switzerland,2000,416,46.818188,8.227512
Switzerland,2001,396,46.818188,8.227512
Switzerland,2002,383,46.818188,8.227512
Switzerland,2003,363,46.818188,8.227512
Switzerland,2004,339,46.818188,8.227512
Switzerland,2005,323,46.818188,8.227512
Switzerland,2006,306,46.818188,8.227512
Switzerland,2007,296,46.818188,8.227512
Switzerland,2008,282,46.818188,8.227512
Switzerland,2009,280,46.818188,8.227512
Switzerland,2010,262,46.818188,8.227512
Switzerland,2011,251,46.818188,8.227512
Switzerland,2012,244,46.818188,8.227512
Switzerland,2013,244,46.818188,8.227512
Switzerland,2014,231,46.818188,8.227512
Switzerland,2015,228,46.818188,8.227512
Thailand,1990,502,15.870032,100.992541
Thailand,1991,542,15.870032,100.992541
Thailand,1992,582,15.870032,100.992541
Thailand,1994,747,15.870032,100.992541
Thailand,1995,859,15.870032,100.992541
Thailand,1996,932,15.870032,100.992541
Thailand,1997,820,15.870032,100.992541
Thailand,1998,740,15.870032,100.992541
Thailand,1999,766,15.870032,100.992541
Thailand,2000,729,15.870032,100.992541
Thailand,2002,685,15.870032,100.992541
Thailand,2003,658,15.870032,100.992541
Thailand,2004,569,15.870032,100.992541
Thailand,2005,497,15.870032,100.992541
Thailand,2006,472,15.870032,100.992541
Thailand,2007,454,15.870032,100.992541
Thailand,2008,437,15.870032,100.992541
Thailand,2009,421,15.870032,100.992541
Thailand,2010,419,15.870032,100.992541
Thailand,2011,411,15.870032,100.992541
Thailand,2012,400,15.870032,100.992541
Thailand,2013,384,15.870032,100.992541
Thailand,2014,380,15.870032,100.992541
Thailand,2015,379,15.870032,100.992541
Thailand,2016,386,15.870032,100.992541
Trinidad and Tobago,1990,3,10.691803,-61.222503
Trinidad and Tobago,1991,2,10.691803,-61.222503
Trinidad and Tobago,1992,3,10.691803,-61.222503
Trinidad and Tobago,1993,3,10.691803,-61.222503
Trinidad and Tobago,1994,3,10.691803,-61.222503
Trinidad and Tobago,1995,3,10.691803,-61.222503
Trinidad and Tobago,1996,3,10.691803,-61.222503
Trinidad and Tobago,1997,3,10.691803,-61.222503
Trinidad and Tobago,1998,3,10.691803,-61.222503
Trinidad and Tobago,1999,3,10.691803,-61.222503
Trinidad and Tobago,2000,3,10.691803,-61.222503
Trinidad and Tobago,2001,3,10.691803,-61.222503
Trinidad and Tobago,2002,3,10.691803,-61.222503
Trinidad and Tobago,2003,3,10.691803,-61.222503
Trinidad and Tobago,2004,2,10.691803,-61.222503
Trinidad and Tobago,2005,2,10.691803,-61.222503
Trinidad and Tobago,2006,2,10.691803,-61.222503
Trinidad and Tobago,2007,3,10.691803,-61.222503
Trinidad and Tobago,2008,4,10.691803,-61.222503
Trinidad and Tobago,2009,3,10.691803,-61.222503
Trinidad and Tobago,2010,3,10.691803,-61.222503
Trinidad and Tobago,2011,2,10.691803,-61.222503
Turkey,2009,552,38.963745,35.243322
Turkey,2010,562,38.963745,35.243322
Turkey,2011,551,38.963745,35.243322
Turkey,2012,558,38.963745,35.243322
Turkey,2013,576,38.963745,35.243322
Turkey,2014,591,38.963745,35.243322
Turkey,2015,587,38.963745,35.243322
Turkmenistan,1990,5,38.969719,59.556278
Turkmenistan,1991,5,38.969719,59.556278
Turkmenistan,1992,5,38.969719,59.556278
Turkmenistan,1993,6,38.969719,59.556278
Turkmenistan,1994,7,38.969719,59.556278
Turkmenistan,1995,7,38.969719,59.556278
Turkmenistan,1996,9,38.969719,59.556278
Turkmenistan,1997,11,38.969719,59.556278
Turkmenistan,1998,12,38.969719,59.556278
Turkmenistan,1999,13,38.969719,59.556278
Turkmenistan,2000,12,38.969719,59.556278
Turkmenistan,2001,11,38.969719,59.556278
Turkmenistan,2002,12,38.969719,59.556278
Turkmenistan,2003,12,38.969719,59.556278
Turkmenistan,2004,12,38.969719,59.556278
Turkmenistan,2005,13,38.969719,59.556278
Turkmenistan,2006,13,38.969719,59.556278
Turkmenistan,2007,11,38.969719,59.556278
Turkmenistan,2008,10,38.969719,59.556278
Turkmenistan,2009,8,38.969719,59.556278
Turkmenistan,2010,7,38.969719,59.556278
Turkmenistan,2011,7,38.969719,59.556278
Turkmenistan,2012,6,38.969719,59.556278
Turkmenistan,2013,6,38.969719,59.556278
Turkmenistan,2014,6,38.969719,59.556278
Turkmenistan,2015,7,38.969719,59.556278
Ukraine,1990,448,48.379433,31.16558
Ukraine,1991,526,48.379433,31.16558
Ukraine,1992,627,48.379433,31.16558
Ukraine,1993,711,48.379433,31.16558
Ukraine,1994,847,48.379433,31.16558
Ukraine,1995,1066,48.379433,31.16558
Ukraine,1996,1071,48.379433,31.16558
Ukraine,1997,1003,48.379433,31.16558
Ukraine,1998,909,48.379433,31.16558
Ukraine,1999,990,48.379433,31.16558
Ukraine,2000,1057,48.379433,31.16558
Ukraine,2001,975,48.379433,31.16558
Ukraine,2002,941,48.379433,31.16558
Ukraine,2003,856,48.379433,31.16558
Ukraine,2004,835,48.379433,31.16558
Ukraine,2005,796,48.379433,31.16558
Ukraine,2006,680,48.379433,31.16558
Ukraine,2007,697,48.379433,31.16558
Ukraine,2008,646,48.379433,31.16558
Ukraine,2009,452,48.379433,31.16558
Ukraine,2010,383,48.379433,31.16558
Ukraine,2011,349,48.379433,31.16558
Ukraine,2012,349,48.379433,31.16558
Ukraine,2014,339,48.379433,31.16558
Ukraine,2015,631,48.379433,31.16558
United Arab Emirates,2005,12,23.424076,53.847818
United Arab Emirates,2006,13,23.424076,53.847818
United Arab Emirates,2007,18,23.424076,53.847818
United Arab Emirates,2008,23,23.424076,53.847818
United Arab Emirates,2009,27,23.424076,53.847818
United Arab Emirates,2010,29,23.424076,53.847818
United Kingdom,1990,245,55.378051,-3.435973
United Kingdom,1991,235,55.378051,-3.435973
United Kingdom,1992,225,55.378051,-3.435973
United Kingdom,1993,222,55.378051,-3.435973
United Kingdom,1994,208,55.378051,-3.435973
United Kingdom,1995,208,55.378051,-3.435973
United Kingdom,1996,199,55.378051,-3.435973
United Kingdom,1997,186,55.378051,-3.435973
United Kingdom,1998,184,55.378051,-3.435973
United Kingdom,1999,180,55.378051,-3.435973
United Kingdom,2000,171,55.378051,-3.435973
United Kingdom,2001,169,55.378051,-3.435973
United Kingdom,2002,162,55.378051,-3.435973
United Kingdom,2003,152,55.378051,-3.435973
United Kingdom,2004,142,55.378051,-3.435973
United Kingdom,2005,138,55.378051,-3.435973
United Kingdom,2006,145,55.378051,-3.435973
United Kingdom,2007,141,55.378051,-3.435973
United Kingdom,2008,140,55.378051,-3.435973
United Kingdom,2009,134,55.378051,-3.435973
United Kingdom,2010,129,55.378051,-3.435973
United Kingdom,2011,121,55.378051,-3.435973
United Kingdom,2012,116,55.378051,-3.435973
United Kingdom,2013,118,55.378051,-3.435973
United Kingdom,2014,112,55.378051,-3.435973
United Kingdom,2015,115,55.378051,-3.435973
United States,1990,19318,37.09024,-95.712891
United States,1991,19290,37.09024,-95.712891
United States,1992,19170,37.09024,-95.712891
United States,1993,19701,37.09024,-95.712891
United States,1994,19702,37.09024,-95.712891
United States,1995,19615,37.09024,-95.712891
United States,1996,19159,37.09024,-95.712891
United States,1997,18823,37.09024,-95.712891
United States,1998,18572,37.09024,-95.712891
United States,1999,18415,37.09024,-95.712891
United States,2000,18446,37.09024,-95.712891
United States,2001,18609,37.09024,-95.712891
United States,2002,18882,37.09024,-95.712891
United States,2003,18907,37.09024,-95.712891
United States,2004,18648,37.09024,-95.712891
United States,2005,19218,37.09024,-95.712891
United States,2006,19622,37.09024,-95.712891
United States,2007,19900,37.09024,-95.712891
United States,2008,20383,37.09024,-95.712891
United States,2009,20747,37.09024,-95.712891
United States,2010,20903,37.09024,-95.712891
United States,2011,21483,37.09024,-95.712891
United States,2012,21788,37.09024,-95.712891
United States,2013,22109,37.09024,-95.712891
United States,2014,22546,37.09024,-95.712891
United States,2015,23307,37.09024,-95.712891
Uruguay,1990,152,-32.522779,-55.765835
Uruguay,1993,182,-32.522779,-55.765835
Uruguay,1994,190,-32.522779,-55.765835
Uruguay,1995,200,-32.522779,-55.765835
Uruguay,1996,207,-32.522779,-55.765835
Uruguay,1997,228,-32.522779,-55.765835
Uruguay,1998,247,-32.522779,-55.765835
Uruguay,1999,253,-32.522779,-55.765835
Uruguay,2000,251,-32.522779,-55.765835
Uruguay,2001,239,-32.522779,-55.765835
Uruguay,2002,241,-32.522779,-55.765835
Uruguay,2003,225,-32.522779,-55.765835
Uruguay,2004,215,-32.522779,-55.765835
Uruguay,2005,203,-32.522779,-55.765835
Uruguay,2006,196,-32.522779,-55.765835
Uruguay,2007,202,-32.522779,-55.765835
Uruguay,2008,186,-32.522779,-55.765835
Uruguay,2009,182,-32.522779,-55.765835
Uruguay,2010,180,-32.522779,-55.765835
Uruguay,2012,182,-32.522779,-55.765835
Uruguay,2013,176,-32.522779,-55.765835
Uruguay,2014,169,-32.522779,-55.765835
Uruguay,2015,172,-32.522779,-55.765835
Uzbekistan,1990,9,41.377491,64.585262
Uzbekistan,1991,10,41.377491,64.585262
Uzbekistan,1992,10,41.377491,64.585262
Uzbekistan,1993,12,41.377491,64.585262
Uzbekistan,1994,14,41.377491,64.585262
Uzbekistan,1995,16,41.377491,64.585262
Uzbekistan,1996,19,41.377491,64.585262
Uzbekistan,1997,19,41.377491,64.585262
Uzbekistan,1998,19,41.377491,64.585262
Uzbekistan,1999,20,41.377491,64.585262
Uzbekistan,2000,21,41.377491,64.585262
Uzbekistan,2001,21,41.377491,64.585262
Uzbekistan,2002,21,41.377491,64.585262
Uzbekistan,2003,20,41.377491,64.585262
Uzbekistan,2004,20,41.377491,64.585262
Uzbekistan,2005,22,41.377491,64.585262
Uzbekistan,2009,16,41.377491,64.585262
Uzbekistan,2010,16,41.377491,64.585262
Uzbekistan,2011,17,41.377491,64.585262
Uzbekistan,2012,16,41.377491,64.585262
Uzbekistan,2013,17,41.377491,64.585262
Uzbekistan,2014,17,41.377491,64.585262
